{"cameraMode":{"drawMode":0,"name":"Shaded","section":"Shading Mode"},"sceneLighting":false,"audioPlay":false,"sceneViewState":{"showFog":true,"showMaterialUpdate":false,"showSkybox":false,"showFlares":true,"showImageEffects":true,"showParticleSystems":true},"in2DMode":false,"pivot":{"x":-0.3093608617782593,"y":1.8335890769958497,"z":12.369817733764649},"rotation":{"x":0.1884324550628662,"y":0.7204614281654358,"z":-0.21484316885471345,"w":0.6318821907043457},"size":1.0084731578826905,"orthographic":false}