{"cameraMode":{"drawMode":0,"name":"Shaded","section":"Shading Mode"},"sceneLighting":true,"audioPlay":false,"sceneViewState":{"showFog":true,"showMaterialUpdate":false,"showSkybox":true,"showFlares":true,"showImageEffects":true,"showParticleSystems":true},"in2DMode":false,"pivot":{"x":27.972421646118165,"y":-20.46481704711914,"z":41.509193420410159},"rotation":{"x":0.23204344511032105,"y":0.3436809778213501,"z":-0.08805254101753235,"w":0.9056967496871948},"size":26.622142791748048,"orthographic":false}